"pnum","chart_num","true_value","observed_value","error"
1, 1, 2.8, 2.4, 14.285714285714283
1, 2, 3.5, 1.3, 62.85714285714287
1, 3, 3.5, 3.4, 2.85714285714286
1, 4, 2.8, 2.9, 3.5714285714285747
1, 5, 3.5, 3.2, 8.571428571428566
1, 6, 2.8, 2.3, 17.857142857142858