Recorded response,Expected response,Accuracy,Category
50,60,3.339850003,1
45,50,2.357552005,1
60,65,2.357552005,1
30,33,1.64385619,1
40,46,2.614709844,1
20,26,2.614709844,1
85,83,1.087462841,1
65,64,0.1699250014,1
15,14,0.1699250014,1
85,65,4.330916878,1
36,39,1.64385619,1
51,55,2.044394119,1
68,66,1.087462841,1
31,33,1.087462841,1
54,55,0.1699250014,1
84,88,2.044394119,1
51,50,0.1699250014,1
6,5,0.1699250014,1
85,88,1.64385619,1
30,23,2.832890014,1